Employee ID,Base Contract,Base End (old),Base End (new),Update Contract,Update Start (old),Update Start (new)
E0041,C0041,2016-09-29,2024-03-14,C0041U,2016-09-30,2024-03-15
E0042,C0042,2014-02-22,2024-05-25,C0042U,2014-02-23,2024-05-26
E0099,C0099,2018-02-09,2024-08-05,C0099U,2018-02-10,2024-08-06
E0116,C0116,2022-04-27,2024-09-28,C0116U,2022-04-28,2024-09-29
E0124,C0124,2024-05-27,2024-02-23,C0124U,2024-05-28,2024-02-24
E0125,C0125,2019-08-20,2024-07-17,C0125U,2019-08-21,2024-07-18
E0130,C0130,2024-04-11,2024-07-10,C0130U,2024-04-12,2024-07-11
E0137,C0137,2016-09-15,2024-09-19,C0137U,2016-09-16,2024-09-20
E0154,C0154,2023-02-21,2024-06-30,C0154U,2023-02-22,2024-07-01
E0182,C0182,2015-06-02,2023-12-31,C0182U,2015-06-03,2024-01-01
E0192,C0192,2024-05-08,2024-09-15,C0192U,2024-05-09,2024-09-16
E0204,C0204,2015-06-17,2024-10-13,C0204U,2015-06-18,2024-10-14
E0208,C0208,2024-03-23,2024-04-24,C0208U,2024-03-24,2024-04-25
E0236,C0236,2017-11-13,2024-02-22,C0236U,2017-11-14,2024-02-23
E0270,C0270,2019-02-27,2024-02-24,C0270U,2019-02-28,2024-02-25
E0290,C0290,2023-07-30,2024-07-12,C0290U,2023-07-31,2024-07-13
E0318,C0318,2020-08-20,2024-04-08,C0318U,2020-08-21,2024-04-09
E0335,C0335,2024-11-18,2024-12-29,C0335U,2024-11-19,2024-12-30
E0351,C0351,2020-02-14,2024-07-11,C0351U,2020-02-15,2024-07-12
E0357,C0357,2021-07-16,2024-09-11,C0357U,2021-07-17,2024-09-12
